frame, timestamp, x_0, x_16, y_21, y_8
1, 0.000, 0.0, 0.0, 0.0, 0.0
2, 0.040, 0.0, 0.0, 0.0, 0.0
3, 0.080, 0.0, 0.0, 0.0, 0.0
4, 0.120, 0.0, 0.0, 0.0, 0.0
5, 0.160, 0.0, 0.0, 0.0, 0.0
6, 0.200, 0.0, 0.0, 0.0, 0.0
7, 0.240, 0.0, 0.0, 0.0, 0.0
8, 0.280, 0.0, 0.0, 0.0, 0.0
9, 0.320, 0.0, 0.0, 0.0, 0.0
10, 0.360, 0.0, 0.0, 0.0, 0.0
11, 0.400, 0.0, 0.0, 0.0, 0.0
12, 0.440, 0.0, 0.0, 0.0, 0.0
13, 0.480, 0.0, 0.0, 0.0, 0.0
14, 0.520, 0.0, 0.0, 0.0, 0.0
15, 0.560, 0.0, 0.0, 0.0, 0.0
16, 0.600, 0.0, 0.0, 0.0, 0.0
17, 0.640, 0.0, 0.0, 0.0, 0.0
18, 0.680, 0.0, 0.0, 0.0, 0.0
19, 0.720, 0.0, 0.0, 0.0, 0.0
20, 0.760, 0.0, 0.0, 0.0, 0.0
21, 0.800, 0.0, 0.0, 0.0, 0.0
22, 0.840, 0.0, 0.0, 0.0, 0.0
23, 0.880, 0.0, 0.0, 0.0, 0.0
24, 0.920, 0.0, 0.0, 0.0, 0.0
25, 0.960, 0.0, 0.0, 0.0, 0.0
26, 1.000, 0.0, 0.0, 0.0, 0.0
27, 1.040, 0.0, 0.0, 0.0, 0.0
28, 1.080, 0.0, 0.0, 0.0, 0.0
29, 1.120, 0.0, 0.0, 0.0, 0.0
30, 1.160, 0.0, 0.0, 0.0, 0.0
31, 1.200, 0.0, 0.0, 0.0, 0.0
32, 1.240, 0.0, 0.0, 0.0, 0.0
33, 1.280, 0.0, 0.0, 0.0, 0.0
34, 1.320, 0.0, 0.0, 0.0, 0.0
35, 1.360, 0.0, 0.0, 0.0, 0.0
36, 1.400, 0.0, 0.0, 0.0, 0.0
37, 1.440, 0.0, 0.0, 0.0, 0.0
38, 1.480, 0.0, 0.0, 0.0, 0.0
39, 1.520, 0.0, 0.0, 0.0, 0.0
40, 1.560, 0.0, 0.0, 0.0, 0.0
41, 1.600, 0.0, 0.0, 0.0, 0.0
42, 1.640, 0.0, 0.0, 0.0, 0.0
43, 1.680, 0.0, 0.0, 0.0, 0.0
44, 1.720, 0.0, 0.0, 0.0, 0.0
45, 1.760, 0.0, 0.0, 0.0, 0.0
46, 1.800, 0.0, 0.0, 0.0, 0.0
47, 1.840, 0.0, 0.0, 0.0, 0.0
48, 1.880, 0.0, 0.0, 0.0, 0.0
49, 1.920, 346.2, 455.0, 147.4, 239.7
50, 1.960, 346.7, 455.5, 145.8, 239.2
51, 2.000, 347.7, 455.9, 144.9, 239.4
52, 2.040, 348.6, 456.6, 144.4, 239.2
53, 2.080, 349.4, 457.0, 144.5, 238.8
54, 2.120, 350.0, 457.0, 144.6, 238.5
55, 2.160, 350.8, 457.2, 144.9, 238.1
56, 2.200, 352.0, 458.2, 145.9, 237.9
57, 2.240, 353.5, 458.0, 146.8, 238.1
58, 2.280, 354.6, 458.1, 148.2, 239.4
59, 2.320, 356.5, 457.2, 149.2, 241.5
60, 2.360, 357.5, 456.8, 150.5, 242.1
61, 2.400, 357.6, 456.2, 151.8, 243.3
62, 2.440, 357.4, 455.1, 154.7, 244.5
63, 2.480, 356.3, 453.1, 154.9, 244.9
64, 2.520, 353.7, 450.0, 154.0, 244.9
65, 2.560, 350.0, 447.0, 153.5, 244.6
66, 2.600, 347.0, 443.9, 153.7, 244.8
67, 2.640, 343.9, 441.4, 153.6, 243.9
68, 2.680, 340.8, 439.7, 153.1, 243.3
69, 2.720, 336.8, 438.4, 152.2, 242.6
70, 2.760, 333.3, 438.1, 150.1, 241.1
71, 2.800, 330.8, 437.2, 148.3, 240.0
72, 2.840, 329.1, 436.5, 145.8, 238.4
73, 2.880, 327.3, 435.8, 143.4, 236.3
74, 2.920, 325.0, 431.7, 140.6, 235.1
75, 2.960, 322.7, 427.2, 138.5, 234.5
76, 3.000, 320.6, 425.4, 137.1, 234.9
77, 3.040, 318.7, 424.1, 136.4, 235.4
78, 3.080, 317.1, 424.2, 135.8, 236.1
79, 3.120, 316.6, 423.7, 136.7, 236.9
80, 3.160, 316.7, 422.9, 137.8, 235.9
81, 3.200, 317.2, 422.4, 138.7, 235.3
82, 3.240, 317.8, 422.7, 139.2, 235.0
83, 3.280, 318.2, 422.9, 137.9, 233.9
84, 3.320, 318.6, 423.1, 136.0, 230.8
85, 3.360, 318.3, 423.6, 134.0, 230.3
86, 3.400, 318.0, 424.0, 132.9, 232.3
87, 3.440, 318.2, 424.3, 132.2, 234.2
88, 3.480, 318.8, 424.9, 131.8, 233.4
89, 3.520, 320.0, 426.1, 131.9, 231.0
90, 3.560, 321.6, 427.7, 132.4, 229.6
91, 3.600, 322.9, 429.1, 133.6, 230.0
92, 3.640, 324.3, 430.9, 135.0, 231.6
93, 3.680, 325.7, 432.2, 135.5, 232.4
94, 3.720, 326.9, 434.0, 135.3, 232.1
95, 3.760, 327.8, 435.3, 134.7, 231.7
96, 3.800, 328.6, 435.8, 134.5, 230.6
97, 3.840, 329.6, 436.9, 134.2, 229.0
98, 3.880, 330.1, 437.4, 133.9, 229.4
99, 3.920, 331.0, 438.2, 133.8, 230.3
100, 3.960, 331.7, 439.2, 134.3, 230.5
101, 4.000, 332.4, 439.4, 134.7, 231.5
102, 4.040, 332.5, 439.9, 135.2, 233.7
103, 4.080, 332.2, 440.0, 135.5, 233.1
104, 4.120, 331.4, 439.0, 135.3, 230.7
105, 4.160, 330.3, 438.2, 135.0, 230.3
106, 4.200, 329.5, 436.9, 134.8, 230.5
107, 4.240, 328.7, 436.1, 134.7, 232.5
108, 4.280, 327.5, 435.5, 134.7, 234.6
109, 4.320, 326.6, 434.7, 134.7, 234.9
110, 4.360, 325.6, 433.4, 135.3, 234.6
111, 4.400, 324.8, 431.9, 137.0, 234.2
112, 4.440, 324.1, 430.6, 137.7, 234.3
113, 4.480, 323.7, 430.1, 137.6, 234.1
114, 4.520, 323.6, 429.8, 137.8, 234.3
115, 4.560, 323.5, 429.8, 138.2, 234.5
116, 4.600, 323.8, 430.1, 138.2, 235.0
117, 4.640, 324.2, 430.9, 137.6, 235.3
118, 4.680, 324.9, 431.9, 137.5, 235.4
119, 4.720, 325.6, 433.1, 137.7, 236.4
120, 4.760, 326.6, 434.3, 137.6, 237.3
121, 4.800, 327.7, 435.4, 137.7, 236.5
122, 4.840, 328.8, 436.2, 137.7, 235.5
123, 4.880, 329.6, 437.1, 137.2, 234.6
124, 4.920, 330.5, 437.7, 136.0, 233.8
125, 4.960, 331.0, 438.3, 134.1, 232.5
126, 5.000, 331.7, 438.4, 132.8, 230.5
127, 5.040, 332.0, 438.8, 132.1, 230.9
128, 5.080, 332.4, 438.8, 132.1, 233.6
129, 5.120, 333.1, 439.3, 132.4, 234.4
130, 5.160, 333.9, 440.4, 133.0, 234.3
131, 5.200, 334.6, 440.9, 134.1, 233.0
132, 5.240, 335.7, 441.1, 135.6, 232.1
133, 5.280, 337.2, 440.6, 136.9, 232.0
134, 5.320, 337.7, 438.7, 138.2, 232.0
135, 5.360, 337.3, 438.2, 139.1, 232.8
136, 5.400, 337.7, 439.0, 139.9, 234.0
137, 5.440, 338.4, 440.5, 141.3, 234.7
138, 5.480, 339.3, 441.1, 142.2, 233.5
139, 5.520, 339.6, 440.4, 142.3, 233.2
140, 5.560, 338.6, 439.8, 142.3, 233.7
141, 5.600, 337.7, 438.3, 141.9, 233.2
142, 5.640, 336.7, 436.9, 141.3, 232.5
143, 5.680, 335.6, 435.3, 140.0, 232.8
144, 5.720, 334.7, 433.2, 138.4, 229.5
145, 5.760, 333.8, 431.8, 137.0, 227.1
146, 5.800, 333.1, 431.3, 136.3, 225.3
147, 5.840, 330.2, 431.4, 134.8, 224.6
148, 5.880, 329.6, 431.6, 134.5, 226.3
149, 5.920, 328.9, 432.2, 134.0, 229.0
150, 5.960, 328.4, 432.4, 133.3, 229.9
151, 6.000, 327.3, 433.1, 131.6, 230.6
152, 6.040, 326.8, 433.4, 131.2, 230.7
153, 6.080, 326.9, 433.9, 131.4, 229.7
154, 6.120, 327.6, 434.2, 131.4, 228.2
155, 6.160, 327.9, 434.8, 131.7, 227.8
156, 6.200, 328.5, 435.3, 131.7, 227.9
157, 6.240, 329.2, 435.9, 131.9, 227.6
158, 6.280, 329.9, 436.5, 132.3, 228.3
159, 6.320, 330.5, 437.2, 133.1, 230.0
160, 6.360, 331.0, 438.2, 134.3, 230.9
161, 6.400, 332.2, 439.0, 135.0, 231.2
162, 6.440, 333.9, 440.5, 135.7, 231.7
163, 6.480, 335.3, 441.9, 136.0, 231.5
164, 6.520, 336.6, 443.3, 135.3, 230.6
165, 6.560, 338.7, 445.0, 134.5, 229.4
166, 6.600, 340.8, 446.6, 133.4, 228.1
167, 6.640, 342.4, 447.8, 132.6, 227.1
168, 6.680, 343.7, 449.0, 131.5, 226.3
169, 6.720, 344.7, 450.3, 131.4, 226.0
170, 6.760, 345.3, 450.9, 131.3, 226.3
171, 6.800, 345.3, 451.2, 130.7, 226.3
172, 6.840, 345.2, 451.3, 128.2, 226.1
173, 6.880, 344.7, 450.9, 124.6, 226.3
174, 6.920, 344.5, 450.3, 123.6, 226.6
175, 6.960, 344.0, 449.3, 124.4, 227.3
176, 7.000, 343.3, 448.3, 127.8, 229.4
177, 7.040, 342.4, 447.6, 131.6, 231.3
178, 7.080, 341.4, 446.5, 134.9, 231.9
179, 7.120, 340.6, 445.9, 138.2, 234.4
180, 7.160, 339.6, 445.5, 142.0, 238.0
181, 7.200, 339.1, 445.1, 145.6, 241.5
182, 7.240, 339.5, 445.4, 149.4, 244.0
183, 7.280, 340.3, 445.4, 152.7, 245.3
184, 7.320, 341.0, 445.2, 155.1, 246.7
185, 7.360, 341.8, 445.2, 157.1, 247.5
186, 7.400, 341.9, 445.6, 158.3, 248.3
187, 7.440, 341.8, 445.9, 159.3, 251.1
188, 7.480, 342.0, 446.4, 160.5, 247.3
189, 7.520, 342.4, 446.0, 161.5, 251.0
190, 7.560, 341.5, 445.8, 162.2, 247.9
191, 7.600, 340.8, 445.6, 162.1, 244.9
192, 7.640, 340.5, 445.3, 162.3, 242.1
193, 7.680, 339.9, 444.0, 161.6, 246.8
194, 7.720, 338.6, 444.6, 160.1, 245.9
195, 7.760, 340.5, 443.4, 160.5, 248.1
196, 7.800, 338.2, 442.4, 157.9, 247.0
197, 7.840, 339.9, 441.8, 159.1, 245.6
198, 7.880, 339.0, 441.3, 159.5, 245.6
199, 7.920, 336.9, 439.8, 159.3, 245.9
200, 7.960, 337.9, 439.3, 159.1, 246.1
201, 8.000, 336.7, 439.9, 158.5, 246.4
202, 8.040, 336.0, 439.8, 157.9, 246.2
203, 8.080, 335.3, 439.6, 157.0, 246.3
204, 8.120, 334.6, 439.5, 156.2, 246.3
205, 8.160, 334.1, 438.8, 155.9, 245.9
206, 8.200, 333.8, 439.2, 155.5, 245.9
207, 8.240, 333.6, 439.4, 155.6, 246.3
208, 8.280, 333.5, 439.2, 155.6, 246.6
209, 8.320, 333.4, 439.2, 155.6, 246.5
210, 8.360, 333.1, 439.1, 155.2, 246.5
211, 8.400, 332.4, 438.3, 154.2, 246.0
212, 8.440, 331.8, 437.3, 152.4, 244.3
213, 8.480, 331.4, 436.2, 149.8, 241.3
214, 8.520, 330.8, 434.8, 146.4, 237.3
215, 8.560, 330.4, 434.1, 142.3, 232.8
216, 8.600, 329.8, 434.7, 138.5, 229.3
217, 8.640, 330.8, 436.2, 135.3, 226.8
218, 8.680, 332.9, 436.0, 132.2, 224.7
219, 8.720, 333.7, 436.3, 131.4, 223.4
220, 8.760, 333.3, 435.6, 130.4, 221.5
221, 8.800, 332.1, 435.8, 128.4, 220.5
222, 8.840, 332.0, 434.4, 127.6, 221.2
223, 8.880, 330.9, 434.2, 126.8, 220.8
224, 8.920, 331.6, 435.2, 126.3, 219.0
225, 8.960, 332.4, 435.9, 126.7, 217.8
226, 9.000, 333.0, 436.8, 126.2, 217.4
227, 9.040, 332.9, 436.7, 125.4, 217.8
228, 9.080, 333.0, 436.9, 125.6, 218.6
229, 9.120, 333.4, 438.0, 125.8, 219.4
230, 9.160, 333.5, 439.0, 125.7, 220.2
231, 9.200, 333.8, 439.9, 126.3, 220.6
232, 9.240, 334.6, 440.7, 125.7, 220.9
233, 9.280, 336.4, 441.5, 126.0, 220.6
234, 9.320, 337.9, 443.8, 126.3, 220.4
235, 9.360, 338.6, 444.6, 126.6, 220.4
236, 9.400, 338.6, 444.3, 126.5, 220.2
237, 9.440, 338.4, 443.9, 127.3, 220.2
238, 9.480, 338.6, 444.0, 127.5, 220.4
239, 9.520, 338.7, 444.3, 128.7, 221.0
240, 9.560, 338.9, 444.4, 128.2, 221.2
241, 9.600, 339.1, 444.6, 127.3, 222.0
242, 9.640, 339.2, 444.6, 126.6, 221.3
243, 9.680, 339.5, 445.1, 125.8, 221.1
244, 9.720, 340.0, 445.6, 125.3, 221.8
245, 9.760, 340.5, 446.4, 125.3, 221.9
246, 9.800, 340.8, 446.9, 125.4, 221.8
247, 9.840, 340.8, 446.7, 125.6, 222.1
248, 9.880, 340.9, 446.8, 125.7, 222.5
249, 9.920, 340.7, 446.4, 126.5, 223.0
250, 9.960, 339.9, 445.9, 126.9, 223.4
251, 10.000, 339.3, 445.4, 127.0, 224.3
252, 10.040, 338.7, 444.7, 127.4, 225.1
253, 10.080, 338.3, 444.1, 127.4, 225.5
254, 10.120, 337.2, 443.4, 128.3, 226.0
255, 10.160, 336.8, 443.1, 129.0, 226.9
256, 10.200, 336.0, 442.2, 129.8, 226.7
257, 10.240, 335.1, 441.0, 130.1, 225.8
258, 10.280, 334.4, 440.1, 130.9, 226.6
259, 10.320, 334.1, 439.1, 131.9, 227.9
260, 10.360, 334.0, 438.8, 132.5, 227.6
261, 10.400, 334.3, 439.0, 132.9, 227.0
262, 10.440, 334.3, 439.4, 132.8, 226.7
263, 10.480, 334.9, 439.9, 132.3, 226.7
264, 10.520, 335.7, 440.7, 131.9, 227.2
265, 10.560, 336.4, 441.8, 131.5, 227.9
266, 10.600, 336.8, 442.5, 131.6, 228.0
267, 10.640, 337.6, 443.0, 131.9, 227.5
268, 10.680, 338.1, 443.2, 132.2, 227.0
269, 10.720, 338.5, 443.8, 132.6, 226.8
270, 10.760, 338.8, 444.2, 133.5, 227.3
271, 10.800, 339.1, 444.5, 134.3, 227.9
272, 10.840, 339.3, 444.7, 134.5, 228.4
273, 10.880, 339.4, 444.7, 134.3, 228.8
274, 10.920, 339.0, 444.4, 134.0, 229.3
275, 10.960, 338.8, 444.1, 133.7, 229.5
276, 11.000, 338.6, 443.8, 133.7, 229.2
277, 11.040, 338.4, 443.7, 134.0, 229.3
278, 11.080, 338.0, 443.5, 134.2, 229.5
279, 11.120, 337.6, 443.4, 134.5, 230.0
280, 11.160, 337.2, 443.2, 135.2, 230.3
281, 11.200, 337.0, 443.1, 135.5, 230.9
282, 11.240, 336.7, 442.6, 136.0, 231.3
283, 11.280, 336.4, 442.3, 136.5, 232.1
284, 11.320, 336.1, 442.0, 136.8, 232.4
285, 11.360, 336.1, 441.7, 136.6, 232.3
286, 11.400, 335.9, 441.6, 136.2, 232.0
287, 11.440, 335.8, 441.5, 135.3, 231.7
288, 11.480, 335.4, 440.8, 134.5, 230.9
289, 11.520, 334.5, 439.9, 134.4, 230.0
290, 11.560, 333.5, 438.8, 134.8, 228.8
291, 11.600, 332.5, 437.5, 134.9, 228.4
292, 11.640, 331.5, 437.0, 135.2, 228.9
293, 11.680, 330.6, 436.5, 135.5, 229.9
294, 11.720, 330.2, 436.1, 135.7, 229.9
295, 11.760, 329.9, 436.0, 135.3, 230.0
296, 11.800, 329.9, 436.2, 134.3, 229.2
297, 11.840, 331.2, 437.3, 133.4, 227.0
298, 11.880, 332.8, 439.0, 132.9, 224.8
299, 11.920, 334.0, 440.1, 132.7, 223.7
300, 11.960, 335.2, 441.1, 132.4, 223.4
301, 12.000, 336.6, 442.1, 131.9, 223.8
302, 12.040, 337.4, 442.8, 131.8, 224.3
303, 12.080, 338.0, 443.3, 131.9, 225.7
304, 12.120, 338.9, 444.0, 132.4, 227.0
305, 12.160, 339.6, 444.5, 133.0, 228.4
306, 12.200, 340.3, 444.9, 133.2, 229.3
307, 12.240, 340.9, 445.7, 133.1, 229.4
308, 12.280, 341.1, 446.3, 132.0, 229.3
309, 12.320, 341.2, 446.5, 132.4, 229.6
310, 12.360, 341.4, 447.0, 132.1, 229.9
311, 12.400, 341.8, 447.3, 132.4, 230.3
312, 12.440, 341.2, 447.9, 133.2, 230.9
313, 12.480, 341.1, 447.9, 133.3, 231.8
314, 12.520, 341.6, 447.9, 133.5, 232.2
315, 12.560, 340.9, 447.7, 134.0, 232.2
316, 12.600, 340.9, 446.5, 133.9, 230.5
317, 12.640, 340.8, 446.0, 132.9, 228.1
318, 12.680, 340.6, 445.3, 132.3, 226.5
319, 12.720, 340.4, 444.9, 131.3, 225.6
320, 12.760, 340.1, 445.1, 130.5, 225.5
321, 12.800, 339.8, 444.8, 130.0, 225.3
322, 12.840, 339.8, 444.8, 129.7, 225.1
323, 12.880, 339.8, 444.8, 129.4, 225.1
324, 12.920, 340.2, 445.5, 129.1, 224.8
325, 12.960, 340.6, 445.7, 128.6, 224.5
326, 13.000, 340.5, 445.5, 126.7, 223.1
327, 13.040, 339.7, 445.2, 121.5, 220.9
328, 13.080, 339.5, 445.8, 118.4, 218.3
329, 13.120, 340.6, 446.1, 116.1, 215.5
330, 13.160, 342.2, 445.9, 116.0, 213.5
331, 13.200, 344.9, 445.3, 117.0, 213.8
332, 13.240, 347.0, 446.3, 118.9, 214.9
333, 13.280, 347.8, 446.9, 122.1, 215.9
334, 13.320, 347.8, 447.1, 125.0, 217.7
335, 13.360, 348.0, 447.3, 127.2, 219.5
336, 13.400, 347.3, 446.6, 128.1, 220.8
337, 13.440, 346.7, 445.5, 128.7, 222.2
338, 13.480, 345.4, 445.1, 129.3, 221.4
339, 13.520, 342.5, 444.5, 128.3, 220.6
340, 13.560, 339.7, 442.6, 127.9, 220.3
341, 13.600, 337.4, 440.4, 127.4, 221.4
342, 13.640, 335.7, 438.9, 127.5, 221.4
343, 13.680, 334.2, 437.2, 127.3, 220.7
344, 13.720, 332.7, 435.9, 127.2, 220.7
345, 13.760, 331.0, 435.6, 126.3, 220.9
346, 13.800, 330.1, 435.5, 126.6, 220.7
347, 13.840, 329.5, 434.6, 126.2, 220.4
348, 13.880, 328.9, 433.5, 126.2, 220.3
349, 13.920, 329.2, 433.3, 127.1, 220.2
350, 13.960, 330.4, 432.6, 128.1, 219.4
351, 14.000, 330.6, 433.4, 128.4, 219.1
352, 14.040, 331.2, 434.5, 128.5, 219.1
353, 14.080, 332.4, 436.2, 128.9, 218.0
354, 14.120, 332.9, 437.2, 128.5, 218.9
355, 14.160, 334.2, 439.6, 128.4, 219.6
356, 14.200, 336.0, 440.9, 127.7, 218.6
357, 14.240, 337.9, 442.3, 126.7, 217.3
358, 14.280, 339.4, 443.8, 125.8, 216.6
359, 14.320, 340.6, 444.9, 125.1, 216.2
360, 14.360, 341.6, 445.6, 124.5, 216.7
361, 14.400, 342.2, 446.3, 124.2, 217.9
362, 14.440, 342.8, 447.1, 124.4, 218.6
363, 14.480, 343.3, 447.6, 124.9, 219.0
364, 14.520, 343.5, 447.8, 125.2, 219.5
365, 14.560, 343.6, 447.9, 125.7, 219.9
366, 14.600, 343.3, 447.7, 126.2, 219.2
367, 14.640, 342.7, 447.2, 126.5, 219.1
368, 14.680, 342.0, 446.6, 126.8, 219.3
369, 14.720, 340.9, 445.6, 126.7, 219.9
370, 14.760, 339.5, 444.7, 126.9, 220.9
371, 14.800, 338.2, 443.5, 127.0, 221.5
372, 14.840, 336.7, 442.1, 127.2, 222.6
373, 14.880, 335.6, 440.8, 128.0, 223.8
374, 14.920, 334.2, 439.4, 128.9, 225.1
375, 14.960, 332.9, 437.8, 129.6, 226.1
376, 15.000, 332.1, 437.0, 130.3, 227.2
377, 15.040, 331.0, 436.2, 130.3, 227.4
378, 15.080, 330.5, 435.8, 129.9, 226.6
379, 15.120, 330.1, 435.3, 128.5, 225.7
380, 15.160, 329.7, 434.7, 126.8, 225.3
381, 15.200, 329.5, 434.4, 125.6, 224.9
382, 15.240, 329.4, 434.2, 125.7, 225.0
383, 15.280, 329.1, 433.7, 126.8, 225.5
384, 15.320, 328.9, 433.3, 128.9, 226.3
385, 15.360, 329.1, 433.4, 130.2, 227.0
386, 15.400, 329.4, 434.3, 131.1, 227.5
387, 15.440, 330.4, 435.1, 131.8, 226.7
388, 15.480, 331.5, 435.8, 132.4, 226.8
389, 15.520, 332.9, 437.0, 132.9, 228.2
390, 15.560, 334.3, 438.5, 133.2, 229.0
391, 15.600, 335.7, 440.0, 133.3, 227.9
392, 15.640, 337.3, 441.1, 133.3, 227.0
393, 15.680, 337.9, 441.9, 133.7, 226.5
394, 15.720, 338.4, 442.5, 133.9, 226.2
395, 15.760, 339.0, 443.3, 133.9, 227.0
396, 15.800, 339.5, 443.8, 134.2, 228.8
397, 15.840, 340.4, 444.2, 134.0, 227.8
398, 15.880, 341.0, 444.8, 133.1, 226.5
399, 15.920, 341.6, 445.6, 132.2, 226.0
400, 15.960, 341.7, 446.3, 132.2, 226.5
401, 16.000, 342.1, 446.7, 132.9, 228.1
402, 16.040, 342.6, 447.4, 134.1, 230.2
403, 16.080, 343.2, 447.3, 135.1, 231.3
404, 16.120, 343.2, 446.7, 137.2, 231.3
405, 16.160, 342.5, 446.2, 138.8, 232.0
406, 16.200, 341.4, 445.9, 140.1, 232.4
407, 16.240, 340.5, 445.3, 140.8, 232.9
408, 16.280, 339.3, 444.7, 141.1, 233.9
409, 16.320, 338.1, 443.5, 141.5, 235.0
410, 16.360, 336.6, 442.1, 142.0, 236.2
411, 16.400, 335.3, 441.0, 142.6, 237.2
412, 16.440, 334.3, 440.4, 143.2, 236.7
413, 16.480, 333.5, 439.6, 144.0, 236.3
414, 16.520, 332.7, 436.6, 144.6, 236.5
415, 16.560, 331.2, 434.5, 144.9, 237.0
416, 16.600, 329.4, 431.0, 145.1, 237.2
417, 16.640, 327.6, 431.8, 144.2, 237.2
418, 16.680, 328.1, 431.4, 143.8, 237.5
419, 16.720, 329.7, 431.1, 144.6, 237.1
420, 16.760, 330.9, 428.4, 145.8, 236.8
421, 16.800, 333.8, 429.0, 147.7, 237.4
422, 16.840, 335.5, 430.1, 151.2, 238.4
423, 16.880, 336.4, 428.8, 151.4, 239.6
424, 16.920, 336.0, 427.3, 150.9, 239.8
425, 16.960, 333.5, 424.9, 150.4, 240.1
426, 17.000, 329.2, 421.8, 149.7, 240.2
427, 17.040, 323.9, 419.4, 149.7, 237.9
428, 17.080, 316.2, 420.7, 138.3, 235.1
429, 17.120, 313.6, 419.0, 135.4, 233.9
430, 17.160, 311.7, 417.6, 132.7, 233.4
431, 17.200, 310.5, 416.4, 131.3, 232.8
432, 17.240, 309.8, 416.0, 129.9, 232.2
433, 17.280, 309.8, 416.3, 129.3, 231.7
434, 17.320, 309.7, 416.4, 129.6, 232.4
435, 17.360, 309.7, 416.6, 130.2, 232.5
436, 17.400, 309.8, 416.7, 130.3, 231.5
437, 17.440, 310.1, 416.7, 129.8, 228.2
438, 17.480, 310.7, 417.2, 129.3, 226.1
439, 17.520, 310.8, 417.4, 129.2, 225.3
440, 17.560, 311.2, 417.1, 128.9, 224.8
441, 17.600, 311.3, 416.8, 128.8, 224.8
442, 17.640, 311.2, 416.8, 128.9, 224.9
443, 17.680, 311.5, 416.7, 129.5, 224.5
444, 17.720, 312.9, 416.4, 129.5, 223.9
445, 17.760, 313.8, 418.6, 130.0, 224.8
446, 17.800, 315.5, 420.2, 131.0, 226.6
447, 17.840, 316.0, 421.5, 132.7, 228.7
448, 17.880, 316.2, 422.2, 134.4, 230.8
449, 17.920, 316.3, 422.4, 134.5, 231.0
450, 17.960, 316.0, 422.2, 133.9, 230.3
451, 18.000, 315.7, 421.6, 133.3, 229.4
452, 18.040, 315.5, 421.4, 133.2, 228.7
453, 18.080, 315.5, 421.2, 132.4, 227.6
454, 18.120, 309.0, 419.0, 125.4, 225.1
455, 18.160, 301.5, 416.7, 123.5, 226.4
456, 18.200, 301.7, 425.9, 123.1, 227.3
457, 18.240, 302.0, 422.5, 122.9, 227.5
458, 18.280, 301.2, 418.2, 121.8, 227.7
459, 18.320, 308.5, 421.0, 128.6, 228.3
460, 18.360, 305.4, 425.6, 128.8, 228.5
461, 18.400, 305.7, 426.6, 128.7, 228.8
462, 18.440, 304.3, 428.6, 127.2, 228.2
463, 18.480, 305.5, 430.9, 128.4, 232.2
464, 18.520, 303.8, 431.3, 129.3, 233.9
465, 18.560, 302.8, 430.8, 128.9, 234.7
466, 18.600, 303.2, 424.0, 129.7, 233.1
467, 18.640, 304.8, 430.3, 129.8, 233.0
468, 18.680, 304.2, 431.7, 130.3, 234.2
469, 18.720, 302.4, 436.4, 129.6, 235.3
470, 18.760, 308.8, 433.1, 134.2, 222.2
471, 18.800, 307.6, 427.4, 136.0, 220.5
472, 18.840, 308.2, 425.8, 133.1, 220.2
473, 18.880, 306.9, 425.1, 129.8, 219.3
474, 18.920, 306.4, 423.2, 128.7, 216.9
475, 18.960, 306.5, 419.2, 126.9, 212.8
476, 19.000, 305.2, 421.5, 123.4, 209.9
477, 19.040, 304.4, 426.0, 120.2, 210.6
478, 19.080, 304.0, 426.6, 117.9, 211.2
479, 19.120, 302.9, 416.1, 118.8, 206.8
480, 19.160, 301.7, 410.5, 120.6, 204.5
481, 19.200, 303.4, 408.2, 122.9, 206.5
482, 19.240, 305.3, 409.2, 126.6, 208.7
483, 19.280, 306.5, 411.7, 127.4, 211.5
484, 19.320, 307.9, 412.6, 124.9, 215.3
485, 19.360, 309.7, 414.5, 124.4, 215.5
486, 19.400, 327.2, 428.7, 124.1, 215.6
487, 19.440, 329.9, 429.3, 124.7, 217.2
488, 19.480, 330.4, 427.4, 125.2, 218.1
489, 19.520, 328.2, 425.2, 128.8, 220.2
490, 19.560, 327.9, 425.4, 131.5, 221.4
491, 19.600, 326.4, 424.5, 134.4, 226.1
492, 19.640, 321.3, 424.7, 138.1, 230.7
493, 19.680, 319.5, 425.2, 140.0, 234.0
494, 19.720, 318.1, 424.8, 143.6, 238.6
495, 19.760, 318.2, 423.4, 147.5, 241.0
496, 19.800, 317.6, 422.1, 151.1, 243.6
497, 19.840, 318.0, 420.8, 154.9, 246.5
498, 19.880, 318.2, 418.9, 158.6, 246.2
499, 19.920, 319.9, 416.1, 160.6, 246.5
500, 19.960, 323.5, 412.5, 161.3, 248.2
501, 20.000, 309.4, 410.1, 170.5, 251.1
502, 20.040, 300.6, 409.5, 168.5, 252.3
503, 20.080, 303.5, 412.2, 161.2, 253.8
504, 20.120, 307.1, 416.3, 167.8, 252.9
505, 20.160, 314.7, 414.7, 166.5, 255.3
506, 20.200, 321.1, 423.7, 158.7, 256.1
507, 20.240, 315.1, 424.0, 152.7, 254.4
508, 20.280, 303.2, 423.4, 150.9, 257.1
509, 20.320, 302.9, 422.7, 140.8, 256.6
510, 20.360, 302.5, 422.3, 141.4, 258.1
511, 20.400, 302.4, 422.7, 144.5, 258.7
512, 20.440, 301.8, 421.5, 144.4, 259.1
513, 20.480, 302.3, 422.9, 143.7, 259.6
514, 20.520, 302.2, 422.4, 143.1, 259.9
515, 20.560, 302.1, 425.9, 141.2, 259.9
516, 20.600, 303.1, 425.9, 139.9, 259.9
517, 20.640, 303.1, 426.1, 136.1, 259.3
518, 20.680, 304.0, 427.4, 134.6, 258.8
519, 20.720, 298.9, 427.1, 126.9, 258.8
520, 20.760, 294.3, 423.5, 116.0, 258.1
521, 20.800, 290.4, 429.5, 102.9, 256.3
522, 20.840, 297.2, 429.5, 102.9, 255.6
523, 20.880, 295.8, 440.0, 101.7, 252.7
524, 20.920, 297.8, 441.5, 99.3, 251.0
525, 20.960, 299.5, 430.4, 100.1, 248.7
526, 21.000, 299.2, 441.2, 96.9, 248.3
527, 21.040, 325.1, 431.9, 147.2, 242.7
528, 21.080, 326.6, 433.1, 145.4, 239.9
529, 21.120, 328.3, 434.3, 144.5, 238.3
530, 21.160, 328.9, 434.6, 145.0, 238.6
531, 21.200, 329.6, 434.6, 146.0, 239.0
532, 21.240, 330.2, 434.1, 147.2, 239.5
533, 21.280, 332.9, 433.7, 148.6, 240.5
534, 21.320, 332.9, 432.2, 150.3, 240.7
535, 21.360, 327.7, 428.9, 153.6, 240.5
536, 21.400, 327.4, 427.8, 155.2, 240.0
537, 21.440, 327.3, 426.6, 156.4, 238.6
538, 21.480, 326.9, 425.1, 157.9, 238.5
539, 21.520, 327.3, 424.1, 159.4, 239.7
540, 21.560, 328.1, 423.5, 159.8, 240.3
541, 21.600, 328.0, 423.0, 159.0, 240.3
542, 21.640, 328.3, 423.8, 158.5, 240.1
543, 21.680, 329.2, 423.7, 158.2, 238.8
544, 21.720, 329.6, 424.1, 158.3, 237.5
545, 21.760, 329.2, 424.4, 157.3, 237.6
546, 21.800, 328.5, 425.4, 156.2, 238.6
547, 21.840, 328.1, 426.7, 155.4, 239.6
548, 21.880, 327.6, 427.3, 154.8, 239.7
549, 21.920, 327.2, 427.7, 153.9, 238.5
550, 21.960, 327.9, 430.8, 152.3, 238.0
551, 22.000, 327.5, 431.7, 150.5, 239.9
552, 22.040, 327.4, 432.0, 149.3, 240.5
553, 22.080, 327.2, 432.0, 148.8, 240.3
554, 22.120, 327.3, 432.1, 149.1, 239.9
555, 22.160, 327.4, 431.8, 149.5, 238.3
556, 22.200, 327.5, 431.0, 151.5, 237.4
557, 22.240, 327.3, 429.4, 153.4, 237.3
558, 22.280, 327.5, 427.5, 154.9, 238.0
559, 22.320, 327.5, 426.8, 155.6, 238.1
560, 22.360, 328.1, 426.6, 156.2, 238.8
561, 22.400, 328.1, 426.4, 156.8, 239.4
562, 22.440, 328.4, 426.8, 156.0, 238.8
563, 22.480, 327.5, 426.9, 155.1, 238.8
564, 22.520, 327.2, 427.2, 154.5, 238.9
565, 22.560, 326.2, 427.5, 153.5, 239.7
566, 22.600, 326.0, 428.0, 152.2, 239.6
567, 22.640, 325.7, 428.4, 151.3, 239.1
568, 22.680, 326.5, 430.2, 150.1, 240.0
569, 22.720, 327.7, 432.2, 148.2, 239.7
570, 22.760, 328.3, 433.1, 146.4, 238.8
571, 22.800, 328.8, 434.1, 145.1, 237.6
572, 22.840, 329.1, 434.8, 144.2, 236.2
573, 22.880, 329.1, 435.1, 143.0, 235.2
574, 22.920, 328.6, 435.3, 141.7, 234.8
575, 22.960, 328.7, 436.0, 140.4, 235.0
576, 23.000, 329.3, 436.9, 140.0, 235.9
577, 23.040, 329.7, 437.5, 140.2, 236.5
578, 23.080, 329.2, 437.0, 142.5, 238.2
579, 23.120, 327.9, 436.0, 142.8, 240.0
580, 23.160, 328.0, 435.5, 145.3, 240.5
581, 23.200, 326.7, 434.7, 148.1, 240.3
582, 23.240, 326.5, 433.7, 152.1, 240.8
583, 23.280, 328.4, 429.7, 157.0, 240.5
584, 23.320, 328.9, 429.8, 156.9, 240.1
585, 23.360, 329.6, 431.3, 156.2, 240.3
586, 23.400, 330.0, 432.1, 155.4, 240.4
587, 23.440, 330.4, 432.9, 154.5, 239.8
588, 23.480, 330.1, 433.3, 153.4, 238.4
589, 23.520, 329.7, 433.3, 152.5, 238.2
590, 23.560, 329.8, 433.3, 152.7, 238.6
591, 23.600, 329.6, 433.0, 153.3, 238.8
592, 23.640, 329.6, 433.0, 153.5, 238.9
593, 23.680, 329.7, 433.1, 153.6, 238.8
594, 23.720, 330.2, 433.2, 153.6, 238.3
595, 23.760, 330.6, 433.5, 152.6, 237.8
596, 23.800, 330.9, 433.5, 151.6, 237.1
597, 23.840, 331.0, 433.2, 151.5, 236.4
598, 23.880, 330.5, 432.1, 151.0, 235.6
599, 23.920, 329.3, 430.4, 148.5, 235.6
600, 23.960, 328.9, 429.4, 147.6, 235.5
601, 24.000, 327.8, 427.8, 147.5, 234.8
602, 24.040, 326.8, 427.1, 146.6, 233.7
603, 24.080, 326.2, 426.4, 144.4, 232.2
604, 24.120, 326.5, 426.4, 141.7, 230.0
605, 24.160, 326.2, 425.8, 138.8, 225.5
606, 24.200, 326.1, 426.3, 136.8, 221.3
607, 24.240, 325.1, 427.7, 136.0, 222.4
608, 24.280, 326.0, 428.5, 137.6, 224.4
609, 24.320, 326.7, 428.7, 139.4, 224.1
610, 24.360, 326.8, 428.7, 140.0, 223.6
611, 24.400, 327.5, 429.2, 138.9, 223.4
612, 24.440, 327.2, 429.2, 137.3, 222.9
613, 24.480, 326.9, 429.1, 136.6, 223.8
614, 24.520, 326.0, 428.6, 136.4, 225.0
615, 24.560, 325.0, 427.0, 135.6, 224.0
616, 24.600, 322.9, 424.4, 134.8, 222.6
617, 24.640, 321.8, 423.3, 133.7, 222.0
618, 24.680, 321.0, 422.3, 133.6, 220.9
619, 24.720, 322.0, 424.3, 133.1, 219.6
620, 24.760, 323.1, 426.1, 132.7, 217.7
621, 24.800, 324.2, 426.8, 132.1, 215.2
622, 24.840, 325.1, 427.3, 131.4, 213.4
623, 24.880, 325.5, 428.8, 130.6, 211.2
624, 24.920, 325.5, 429.6, 129.8, 209.7
625, 24.960, 326.0, 429.9, 128.8, 208.2
626, 25.000, 326.9, 429.8, 127.5, 206.8
627, 25.040, 327.2, 429.5, 126.4, 205.2
628, 25.080, 326.9, 429.1, 125.9, 205.5
629, 25.120, 326.6, 428.9, 125.8, 209.3
630, 25.160, 325.9, 428.7, 125.9, 210.9
631, 25.200, 325.4, 428.2, 126.4, 211.0
632, 25.240, 325.1, 428.1, 127.2, 210.7
633, 25.280, 325.4, 428.3, 128.3, 210.6
634, 25.320, 326.0, 429.0, 128.3, 210.8
635, 25.360, 327.3, 430.9, 127.4, 211.8
636, 25.400, 329.0, 432.4, 126.8, 210.5
637, 25.440, 330.5, 433.4, 126.2, 208.2
638, 25.480, 332.0, 434.9, 125.9, 207.8
639, 25.520, 333.8, 436.6, 125.9, 210.3
640, 25.560, 335.2, 437.8, 125.9, 210.5
641, 25.600, 336.1, 438.0, 125.9, 209.5
642, 25.640, 336.7, 438.8, 126.1, 209.7
643, 25.680, 337.2, 439.2, 126.3, 211.1
644, 25.720, 338.0, 440.1, 126.3, 215.0
645, 25.760, 338.9, 441.3, 125.7, 214.8
646, 25.800, 339.6, 441.9, 125.6, 212.0
647, 25.840, 340.5, 442.9, 124.7, 209.9
648, 25.880, 343.0, 444.1, 123.9, 208.2
649, 25.920, 344.3, 444.6, 122.9, 207.1
650, 25.960, 345.0, 445.1, 121.8, 206.8
651, 26.000, 345.0, 445.6, 121.1, 207.4
652, 26.040, 344.9, 445.3, 121.4, 207.9
653, 26.080, 345.5, 445.7, 122.3, 208.4
654, 26.120, 345.8, 445.9, 122.6, 208.9
655, 26.160, 345.8, 446.0, 121.9, 208.4
656, 26.200, 345.5, 446.0, 121.6, 208.7
657, 26.240, 345.3, 445.8, 122.0, 209.5
658, 26.280, 345.0, 445.4, 122.2, 209.8
659, 26.320, 344.4, 444.8, 122.3, 210.3
660, 26.360, 343.8, 444.6, 122.3, 210.7
661, 26.400, 343.1, 443.9, 122.6, 211.1
662, 26.440, 342.2, 443.5, 122.8, 212.9
663, 26.480, 342.4, 443.8, 123.8, 214.2
664, 26.520, 342.9, 444.6, 125.3, 212.6
665, 26.560, 343.5, 446.8, 126.1, 213.9
666, 26.600, 344.3, 447.2, 125.8, 216.6
667, 26.640, 343.7, 446.7, 124.7, 219.5
668, 26.680, 343.1, 445.6, 123.9, 220.4
669, 26.720, 341.9, 444.2, 122.0, 220.4
670, 26.760, 340.9, 443.4, 120.3, 220.1
671, 26.800, 340.1, 443.8, 118.7, 219.8
672, 26.840, 339.9, 444.0, 117.2, 218.7
673, 26.880, 339.5, 443.9, 116.8, 216.6
674, 26.920, 339.1, 443.4, 117.0, 213.5
675, 26.960, 338.4, 442.5, 116.9, 210.8
676, 27.000, 337.2, 439.2, 116.5, 207.4
677, 27.040, 335.8, 437.2, 117.2, 206.1
678, 27.080, 333.9, 436.3, 118.6, 206.4
679, 27.120, 333.2, 435.9, 119.6, 206.1
680, 27.160, 335.1, 436.2, 119.8, 206.3
681, 27.200, 337.4, 437.8, 120.3, 207.7
682, 27.240, 340.3, 440.4, 121.2, 207.6
683, 27.280, 343.0, 442.4, 123.8, 206.4
684, 27.320, 344.4, 444.4, 125.0, 206.6
685, 27.360, 347.9, 448.2, 124.7, 207.7
686, 27.400, 349.0, 449.6, 125.7, 209.5
687, 27.440, 349.2, 450.3, 127.0, 210.9
688, 27.480, 349.5, 450.2, 128.5, 213.9
689, 27.520, 348.4, 450.3, 128.9, 216.0
690, 27.560, 348.3, 449.4, 129.6, 215.9
691, 27.600, 347.9, 447.3, 129.2, 215.4
692, 27.640, 348.8, 447.7, 127.7, 214.7
693, 27.680, 350.3, 448.8, 128.3, 213.0
694, 27.720, 349.3, 450.2, 124.0, 211.2
695, 27.760, 350.4, 451.9, 122.6, 209.6
696, 27.800, 352.3, 453.5, 121.6, 208.7
697, 27.840, 352.9, 455.5, 120.4, 208.8
698, 27.880, 353.7, 456.2, 118.8, 209.1
699, 27.920, 354.5, 457.1, 119.0, 209.6
700, 27.960, 354.9, 457.6, 119.2, 211.5
701, 28.000, 354.9, 457.9, 118.3, 214.3
702, 28.040, 354.9, 458.3, 117.9, 215.8
703, 28.080, 354.8, 458.2, 118.1, 216.3
704, 28.120, 354.5, 457.9, 118.4, 216.4
705, 28.160, 353.9, 457.3, 118.5, 216.7
706, 28.200, 352.7, 456.1, 118.9, 216.8
707, 28.240, 351.4, 454.7, 119.5, 217.1
708, 28.280, 350.2, 453.6, 120.3, 217.6
709, 28.320, 348.3, 452.0, 120.8, 217.6
710, 28.360, 346.4, 450.7, 120.9, 217.8
711, 28.400, 345.0, 449.3, 121.4, 218.5
712, 28.440, 343.8, 448.2, 122.1, 219.0
713, 28.480, 342.6, 447.2, 122.3, 219.2
714, 28.520, 341.5, 445.5, 122.1, 219.0
715, 28.560, 341.1, 444.6, 122.0, 218.6
716, 28.600, 340.6, 444.5, 121.8, 218.1
717, 28.640, 340.0, 443.3, 121.6, 217.7
718, 28.680, 339.4, 442.6, 121.4, 217.4
719, 28.720, 339.0, 442.2, 121.0, 216.8
720, 28.760, 338.8, 441.6, 121.5, 215.9
721, 28.800, 338.9, 441.0, 122.5, 214.5
722, 28.840, 339.1, 440.1, 123.4, 213.1
723, 28.880, 338.3, 438.8, 124.1, 212.0
724, 28.920, 338.3, 438.2, 124.5, 210.6
725, 28.960, 337.1, 438.2, 123.5, 209.9
726, 29.000, 336.4, 437.3, 122.9, 209.6
727, 29.040, 336.4, 437.8, 123.4, 209.7
728, 29.080, 335.3, 437.8, 124.2, 209.1
729, 29.120, 339.0, 439.3, 124.5, 208.7
730, 29.160, 340.1, 439.1, 124.2, 208.5
731, 29.200, 340.4, 439.8, 123.5, 207.5
732, 29.240, 340.6, 440.2, 122.6, 205.2
733, 29.280, 341.1, 440.8, 122.3, 205.0
734, 29.320, 342.6, 442.0, 122.2, 206.5
735, 29.360, 343.3, 442.4, 122.5, 207.3
736, 29.400, 343.6, 442.4, 122.3, 205.4
737, 29.440, 343.8, 442.9, 121.9, 204.0
738, 29.480, 343.2, 442.7, 121.2, 202.6
739, 29.520, 341.8, 442.6, 120.7, 204.2
740, 29.560, 341.1, 442.1, 121.1, 204.9
741, 29.600, 340.5, 441.3, 121.6, 204.7
742, 29.640, 340.0, 440.2, 121.5, 204.0
743, 29.680, 338.6, 438.7, 122.1, 203.3
744, 29.720, 338.0, 438.6, 122.5, 202.6
745, 29.760, 337.5, 437.9, 122.6, 200.5
746, 29.800, 337.2, 436.0, 122.8, 199.0
747, 29.840, 336.7, 435.3, 122.3, 198.6
748, 29.880, 336.2, 434.6, 121.8, 198.3
749, 29.920, 334.9, 433.6, 121.2, 198.4
750, 29.960, 333.6, 432.7, 120.8, 199.6
751, 30.000, 332.7, 433.3, 120.5, 201.3
752, 30.040, 332.4, 433.1, 120.5, 204.6
753, 30.080, 331.9, 433.3, 120.6, 205.1
754, 30.120, 333.0, 433.3, 120.7, 203.5
755, 30.160, 332.8, 432.7, 120.4, 201.5
756, 30.200, 331.3, 431.7, 119.9, 199.9
757, 30.240, 330.1, 430.9, 119.9, 199.4
758, 30.280, 329.6, 431.1, 119.7, 199.2
759, 30.320, 328.7, 431.1, 119.4, 199.0
760, 30.360, 328.2, 430.7, 119.2, 199.8
761, 30.400, 327.8, 429.4, 119.4, 200.7
762, 30.440, 328.3, 430.0, 120.4, 200.5
763, 30.480, 329.6, 430.8, 121.8, 199.5
764, 30.520, 331.3, 432.2, 122.5, 200.4
765, 30.560, 333.0, 435.0, 122.6, 202.8
766, 30.600, 334.3, 436.4, 122.2, 204.0
767, 30.640, 334.7, 437.4, 121.8, 204.8
768, 30.680, 335.3, 438.1, 121.7, 205.2
769, 30.720, 336.0, 438.7, 121.8, 205.5
770, 30.760, 336.7, 439.6, 122.3, 206.7
771, 30.800, 337.3, 440.3, 122.8, 208.1
772, 30.840, 337.5, 440.5, 123.5, 210.6
773, 30.880, 337.9, 441.3, 124.0, 211.3
774, 30.920, 337.3, 441.2, 123.5, 210.4
775, 30.960, 338.9, 440.7, 124.5, 209.2
776, 31.000, 341.8, 441.6, 124.2, 208.0
777, 31.040, 344.2, 440.7, 123.1, 207.4
778, 31.080, 347.3, 442.1, 122.8, 207.3
779, 31.120, 352.0, 443.1, 123.7, 205.5
780, 31.160, 354.3, 443.1, 126.2, 204.5
781, 31.200, 363.8, 463.0, 128.3, 215.8
782, 31.240, 367.6, 464.7, 129.2, 215.5
783, 31.280, 368.1, 465.3, 129.3, 219.1
784, 31.320, 367.5, 464.5, 128.6, 220.2
785, 31.360, 365.7, 461.1, 128.0, 215.6
786, 31.400, 362.8, 458.9, 127.6, 211.6
787, 31.440, 358.5, 456.3, 127.5, 210.0
788, 31.480, 356.4, 454.6, 128.5, 210.2
789, 31.520, 355.3, 453.2, 128.9, 210.6
790, 31.560, 355.3, 452.1, 129.5, 209.9
791, 31.600, 355.6, 451.0, 130.0, 210.9
792, 31.640, 356.0, 450.6, 130.9, 210.4
793, 31.680, 356.0, 447.8, 131.9, 207.7
794, 31.720, 355.2, 447.6, 133.6, 213.3
795, 31.760, 358.0, 447.0, 133.6, 216.1
796, 31.800, 350.9, 444.6, 133.0, 215.2
797, 31.840, 349.6, 442.7, 132.6, 214.7
798, 31.880, 348.3, 441.7, 132.0, 214.1
799, 31.920, 347.0, 441.3, 130.4, 213.0
800, 31.960, 345.7, 440.4, 129.1, 212.0
801, 32.000, 344.9, 439.8, 127.4, 211.3
802, 32.040, 343.7, 439.2, 125.7, 209.5
803, 32.080, 342.5, 439.0, 123.7, 208.7
804, 32.120, 341.8, 439.3, 122.0, 209.1
805, 32.160, 341.6, 440.7, 120.3, 211.0
806, 32.200, 341.2, 442.1, 119.5, 212.4
807, 32.240, 340.8, 442.8, 119.6, 213.6
808, 32.280, 340.4, 443.3, 119.9, 214.5
809, 32.320, 339.8, 443.2, 119.9, 214.9
810, 32.360, 338.7, 443.1, 120.0, 215.9
811, 32.400, 337.3, 442.8, 120.3, 216.7
812, 32.440, 335.3, 442.3, 120.8, 217.7
813, 32.480, 333.8, 441.6, 121.4, 218.7
814, 32.520, 332.0, 440.7, 121.8, 219.5
815, 32.560, 329.9, 439.0, 121.2, 219.7
816, 32.600, 326.9, 436.1, 120.6, 219.6
817, 32.640, 324.0, 432.4, 118.6, 219.1
818, 32.680, 321.9, 429.7, 118.6, 218.9
819, 32.720, 320.3, 427.8, 119.8, 218.1
820, 32.760, 320.8, 427.9, 121.9, 217.9
821, 32.800, 323.7, 430.4, 123.2, 219.1
822, 32.840, 326.6, 432.9, 123.7, 219.6
823, 32.880, 330.8, 437.7, 123.6, 220.4
824, 32.920, 337.0, 443.7, 123.8, 220.3
825, 32.960, 342.0, 449.1, 124.4, 221.7
826, 33.000, 346.4, 453.1, 125.2, 222.7
827, 33.040, 350.8, 456.4, 126.7, 223.2
828, 33.080, 354.8, 459.0, 129.7, 225.1
829, 33.120, 356.5, 459.8, 132.0, 226.4
830, 33.160, 359.8, 458.6, 134.6, 226.0
831, 33.200, 358.6, 456.6, 136.9, 226.6
832, 33.240, 358.9, 455.4, 140.8, 227.4
833, 33.280, 358.5, 453.9, 141.0, 227.8
834, 33.320, 357.5, 450.7, 139.8, 227.6
835, 33.360, 355.1, 448.5, 137.5, 227.2
836, 33.400, 352.9, 446.6, 135.0, 225.5
837, 33.440, 351.7, 446.9, 132.4, 223.1
838, 33.480, 351.2, 446.1, 130.2, 221.4
839, 33.520, 349.7, 444.6, 128.7, 220.2
840, 33.560, 346.6, 443.8, 127.7, 218.3
841, 33.600, 340.7, 441.5, 127.0, 217.2
842, 33.640, 338.1, 437.8, 126.8, 217.3
843, 33.680, 334.8, 435.7, 126.6, 217.0
844, 33.720, 332.2, 432.3, 126.0, 216.5
845, 33.760, 331.0, 430.8, 126.1, 216.2
846, 33.800, 330.4, 432.4, 123.7, 215.6
847, 33.840, 329.7, 433.0, 122.3, 214.4
848, 33.880, 329.9, 432.9, 121.5, 212.3
849, 33.920, 331.1, 434.3, 120.9, 211.8
850, 33.960, 332.1, 435.6, 121.0, 213.3
851, 34.000, 332.6, 436.3, 121.8, 214.2
852, 34.040, 332.9, 437.0, 122.6, 214.8
853, 34.080, 332.9, 437.2, 124.5, 216.3
854, 34.120, 332.6, 436.6, 126.2, 217.8
855, 34.160, 332.1, 435.5, 127.1, 218.9
856, 34.200, 331.3, 434.9, 127.0, 219.8
857, 34.240, 330.8, 434.3, 126.0, 220.4
858, 34.280, 330.6, 433.9, 124.7, 219.8
859, 34.320, 330.4, 433.1, 124.1, 217.7
860, 34.360, 330.1, 432.9, 124.1, 217.7
861, 34.400, 329.7, 432.9, 124.3, 219.6
862, 34.440, 329.2, 432.2, 125.0, 220.5
863, 34.480, 329.1, 431.5, 125.8, 219.8
864, 34.520, 328.7, 431.4, 127.0, 220.6
865, 34.560, 328.5, 431.1, 128.7, 221.5
866, 34.600, 328.3, 431.2, 130.1, 222.0
867, 34.640, 328.4, 431.3, 130.0, 222.2
868, 34.680, 329.2, 432.3, 128.6, 222.5
869, 34.720, 329.9, 433.0, 126.9, 220.5
870, 34.760, 331.0, 433.6, 125.8, 216.9
871, 34.800, 332.0, 434.6, 125.7, 216.4
872, 34.840, 332.8, 435.4, 126.1, 217.0
873, 34.880, 333.3, 436.1, 126.7, 217.4
874, 34.920, 333.5, 436.3, 128.0, 218.6
875, 34.960, 333.3, 436.0, 129.5, 219.5
876, 35.000, 332.6, 435.1, 130.3, 220.5
877, 35.040, 331.0, 433.9, 130.5, 220.7
878, 35.080, 329.2, 432.7, 129.9, 221.3
879, 35.120, 327.8, 431.4, 128.7, 222.6
880, 35.160, 326.2, 430.0, 128.1, 221.3
881, 35.200, 325.5, 428.4, 128.0, 219.4
882, 35.240, 324.8, 427.7, 128.4, 219.8
883, 35.280, 324.4, 427.4, 129.2, 220.8
884, 35.320, 323.3, 426.4, 129.9, 221.6
885, 35.360, 322.3, 425.4, 130.5, 222.2
886, 35.400, 321.5, 424.9, 130.8, 222.5
887, 35.440, 321.1, 424.6, 130.6, 221.9
888, 35.480, 321.0, 425.0, 129.0, 220.8
889, 35.520, 321.6, 425.8, 127.5, 220.6
890, 35.560, 319.7, 428.9, 125.1, 221.1
891, 35.600, 322.4, 426.4, 124.6, 222.5
892, 35.640, 328.0, 425.2, 130.2, 219.8
893, 35.680, 329.8, 421.9, 135.9, 216.4
894, 35.720, 322.9, 430.3, 130.4, 224.0
895, 35.760, 313.2, 407.9, 137.7, 218.5
896, 35.800, 324.5, 421.8, 132.6, 223.0
897, 35.840, 325.4, 431.0, 137.4, 229.7
898, 35.880, 338.7, 423.3, 143.6, 221.6
899, 35.920, 334.4, 425.1, 129.0, 221.6
900, 35.960, 337.8, 425.4, 128.4, 214.3
901, 36.000, 338.9, 425.3, 124.8, 210.9
902, 36.040, 339.5, 422.5, 128.5, 216.7
903, 36.080, 347.2, 422.3, 135.9, 208.8
904, 36.120, 352.0, 417.7, 136.9, 206.1
905, 36.160, 356.7, 426.7, 127.7, 204.0
906, 36.200, 360.1, 423.8, 137.0, 202.6
907, 36.240, 360.1, 423.8, 137.6, 203.1
908, 36.280, 360.4, 424.6, 137.3, 203.4
909, 36.320, 360.4, 425.1, 137.3, 203.6
910, 36.360, 360.4, 425.5, 137.4, 204.0
911, 36.400, 360.5, 425.6, 137.3, 204.2
912, 36.440, 360.4, 425.4, 137.2, 204.3
913, 36.480, 360.4, 425.3, 137.3, 204.3
914, 36.520, 360.4, 425.9, 137.1, 204.5
915, 36.560, 360.5, 426.2, 136.8, 204.6
916, 36.600, 360.4, 425.9, 136.8, 204.3
917, 36.640, 360.4, 424.8, 136.5, 204.2
918, 36.680, 359.6, 423.6, 137.3, 204.3
919, 36.720, 359.2, 423.4, 138.6, 204.4
920, 36.760, 358.9, 424.3, 138.9, 204.6
